<!DOCTYPE suite SYSTEM "https://testng.org/testng-1.0.dtd" >
<suite name="Suite">

  <test name="Test">
  <parameter name="browser" value="chrome"></parameter>
  <parameter name="url" value="http://www.facebook.com"></parameter>
    <classes>
      <class name="com.bit.test.UnitTest"/>
      
    </classes>
  </test> <!-- Test -->
  <test name="Test1">
  <parameter name="browser" value="firefox"></parameter>
  <parameter name="url" value="http://www.facebook.com"></parameter>
    <classes>
      <class name="com.bit.test.UnitTest"/>
      
    </classes>
  </test> <!-- Test -->
    
</suite> <!-- Suite -->